{
  "total_samples": 50,
  "original_accuracy": 0.96,
  "after_attack_accuracy": 0.5625,
  "attack_success_rate": 0.4375,
  "avg_queries": 801.2380952380952,
  "avg_change_rate": 0.0033406141590646282,
  "success_count": 21
}